grid_m,version,response,driver,window,median_r,p25,p75,n_cells,frac_positive,territory_r,territory_p,territory_n
2000,2015-2025,sos_mean,temp,30d,0.6399106473945989,0.52532374005512,0.749626567486612,370,0.9945945945945946,0.46812015896258763,0.14646793880038267,11
2000,2016-2025,sos_mean,temp,30d,0.6301478697615915,0.4927424164606569,0.7386794045811157,370,0.9891891891891892,0.4447292195384238,0.19780962218492207,10
2000,2015-2025,sos_mean,temp,60d,0.6364116736966368,0.5067203916828277,0.7356143463418352,370,0.9972972972972973,0.6234847354706303,0.0403989000442764,11
2000,2016-2025,sos_mean,temp,60d,0.6191952447342399,0.47532294076528364,0.7241210637633648,370,0.9756756756756757,0.6123713180085415,0.05983847243063831,10
2000,2015-2025,sos_mean,temp,90d,0.5796878570804407,0.4405309856849101,0.6996101505669873,370,0.981081081081081,0.48915612659663127,0.1267653214032154,11
2000,2016-2025,sos_mean,temp,90d,0.557160580662005,0.3990092868009684,0.7000291524928556,370,0.9513513513513514,0.5092797088741382,0.1327080845155692,10
2000,2015-2025,sos_mean,temp,DJF,0.37409366258778987,0.22467959612417623,0.49672863331970213,370,0.9297297297297298,0.24232923317092306,0.4727931689660777,11
2000,2016-2025,sos_mean,temp,DJF,0.3853871004447328,0.21652298062530922,0.5170056477702633,370,0.8918918918918919,0.4027362640405967,0.24853819932412627,10
2000,2015-2025,sos_mean,temp,MAM,0.05617072609050041,-0.18364976622811524,0.28146625023967514,370,0.5621621621621622,-0.016407289959904415,0.961812387177631,11
2000,2016-2025,sos_mean,temp,MAM,0.058645053149688584,-0.1915388529309171,0.29442932902028984,370,0.5621621621621622,-0.003759993451951348,0.9917751306040223,10
2000,2015-2025,sos_mean,rain,30d,0.05196239533669131,-0.11332007469331395,0.20591518260791086,370,0.5945945945945946,0.29074421597972705,0.38573870924390363,11
2000,2016-2025,sos_mean,rain,30d,0.00266360946159698,-0.21346706090476583,0.19478949488562475,370,0.5054054054054054,0.3021830505022458,0.39610062947722985,10
2000,2015-2025,sos_mean,rain,60d,-0.014021450876002583,-0.23521586994111746,0.16846271468764298,370,0.4756756756756757,-0.03345033268340739,0.9222221986455673,11
2000,2016-2025,sos_mean,rain,60d,-0.07056991106685359,-0.3374587988924076,0.1932870898402193,370,0.43783783783783786,0.005252577617932768,0.988510303460076,10
2000,2015-2025,sos_mean,rain,90d,0.017925151163258664,-0.2507697016919355,0.25649815136118603,370,0.518918918918919,0.1595850603500252,0.6392830100746097,11
2000,2016-2025,sos_mean,rain,90d,0.0016111784309213925,-0.3274480319965829,0.2789733713715472,370,0.5054054054054054,0.1906106678946873,0.5978609755043102,10
2000,2015-2025,sos_mean,rain,DJF,-0.1712316030805685,-0.40616298994698974,0.08277058233559476,370,0.33513513513513515,0.009476296888499118,0.9779395072985606,11
2000,2016-2025,sos_mean,rain,DJF,-0.18996737572057792,-0.43134415900923345,0.08702721880811136,370,0.33783783783783783,0.004570799396803636,0.9900015852101904,10
2000,2015-2025,sos_mean,rain,MAM,0.16680706730523914,-0.0675566936186231,0.45754030887098945,370,0.6810810810810811,0.5200578461857153,0.1010362046012114,11
2000,2016-2025,sos_mean,rain,MAM,0.20687471645366035,-0.0218158814848514,0.4637759524199669,370,0.7162162162162162,0.4922196345214788,0.14840531779351585,10
2000,2015-2025,sos_mean,wind,30d,0.1996928067104976,-0.057251161376162485,0.404362586790732,370,0.6918918918918919,0.43131561348817515,0.1853296711564888,11
2000,2016-2025,sos_mean,wind,30d,0.308891112554776,0.02625914805105386,0.5114661592969991,370,0.7810810810810811,0.5191078710878548,0.12415032287278287,10
2000,2015-2025,sos_mean,wind,60d,0.018465988726794353,-0.2549608102275203,0.2661598290784938,370,0.527027027027027,0.38248042539854527,0.24567226747665627,11
2000,2016-2025,sos_mean,wind,60d,0.06488100362656343,-0.24393721694501325,0.30360202886438004,370,0.5594594594594594,0.3356878417970101,0.34298574821032424,10
2000,2015-2025,sos_mean,wind,90d,0.07944567207194916,-0.19691018387880965,0.29559691522140413,370,0.5783783783783784,0.5334983134317935,0.09100372571038422,11
2000,2016-2025,sos_mean,wind,90d,0.12716842945693935,-0.1586346394693149,0.3699325500210306,370,0.6351351351351351,0.5071724867235371,0.13458893566506694,10
2000,2015-2025,sos_mean,wind,DJF,-0.0657302710080056,-0.26580353216992003,0.08858032778988414,370,0.4027027027027027,0.09956290214624404,0.7708576319228745,11
2000,2016-2025,sos_mean,wind,DJF,-0.060057771687746245,-0.23881134115302954,0.12187126561473652,370,0.41081081081081083,-0.03745165641723114,0.9181893157940728,10
2000,2015-2025,sos_mean,wind,MAM,0.16168834597274057,-0.02187226776491841,0.3511679462192281,370,0.7297297297297297,0.5190417213366546,0.10182278100546294,11
2000,2016-2025,sos_mean,wind,MAM,0.17510689530307,-0.013202380224861698,0.3691807795088718,370,0.7297297297297297,0.5136097538705194,0.12889427026594982,10
2000,2015-2025,sos_mean,vpd,30d,0.03804512769259838,-0.17233077739798652,0.2592139953312758,370,0.5405405405405406,-0.3738386011303324,0.25739557985088085,11
2000,2016-2025,sos_mean,vpd,30d,-0.004904869508307194,-0.20898864395043837,0.19070405101224186,370,0.4945945945945946,-0.33131025853985174,0.34970872724964297,10
2000,2015-2025,sos_mean,vpd,60d,-0.10349429368630048,-0.3487210594488756,0.21321191629215816,370,0.42702702702702705,-0.19304754907090804,0.5695475866446102,11
2000,2016-2025,sos_mean,vpd,60d,-0.1064079418611455,-0.34595472101283686,0.18282778605317235,370,0.4081081081081081,-0.09467225856173406,0.7947506375054499,10
2000,2015-2025,sos_mean,vpd,90d,-0.24451898782406972,-0.47351726730045485,0.03994883826728945,370,0.2864864864864865,-0.2520625189898703,0.45461997768102735,11
2000,2016-2025,sos_mean,vpd,90d,-0.2519751173713326,-0.46698374294894623,0.03346041071698533,370,0.27297297297297296,-0.19345511240912225,0.592302054303875,10
2000,2015-2025,sos_mean,vpd,DJF,-0.16132200539715214,-0.3766957590360334,0.134508276715991,370,0.34594594594594597,-0.2744860664874198,0.4140228217619025,11
2000,2016-2025,sos_mean,vpd,DJF,-0.18511800230824646,-0.4040123470517938,0.10699644031656022,370,0.3216216216216216,-0.2619274119810308,0.4647510246532156,10
2000,2015-2025,sos_mean,vpd,MAM,-0.22015556379144402,-0.5044705325836635,0.12127399322787343,370,0.35135135135135137,-0.6097934283451015,0.0463736447352322,11
2000,2016-2025,sos_mean,vpd,MAM,-0.2505715010418712,-0.5230451324552365,0.07929992246340944,370,0.3027027027027027,-0.5924935285407839,0.07108385631740859,10
2000,2015-2025,sos_std,temp,30d,-0.35073725277784695,-0.5667236870022818,-0.1000069475764865,370,0.1891891891891892,-0.027088795987646488,0.9369855724580088,11
2000,2016-2025,sos_std,temp,30d,-0.3536515675522153,-0.5496463880265163,-0.05029052860779029,370,0.21351351351351353,-0.12912177657137008,0.7222083860696985,10
2000,2015-2025,sos_std,temp,60d,-0.2554907000683251,-0.4387820976271655,-0.0013543790628667003,370,0.25135135135135134,0.1542960209407982,0.6505676585571222,11
2000,2016-2025,sos_std,temp,60d,-0.23239926137717776,-0.42923169176162024,0.06299891556815511,370,0.31891891891891894,0.08817794351429202,0.8086035461082118,10
2000,2015-2025,sos_std,temp,90d,-0.29461808538666134,-0.43746447695429613,-0.05661593508215049,370,0.1972972972972973,-0.07921029880091165,0.8169254332632552,11
2000,2016-2025,sos_std,temp,90d,-0.22648434232270764,-0.3823302755638126,0.04146668699164815,370,0.27297297297297296,-0.10220066843527335,0.7787565603851866,10
2000,2015-2025,sos_std,temp,DJF,-0.17557302160929328,-0.3163018257025652,-0.02817255133106314,370,0.21081081081081082,-0.2359904518472514,0.4848018886861439,11
2000,2016-2025,sos_std,temp,DJF,-0.035835931653781836,-0.2145601026592975,0.12808970970036046,370,0.44324324324324327,-0.06556542600311563,0.8571905982425105,10
2000,2015-2025,sos_std,temp,MAM,-0.05473913769573822,-0.2638180560361619,0.11396043618911048,370,0.4,-0.08196588107214453,0.8106545235197581,11
2000,2016-2025,sos_std,temp,MAM,-0.05257228486598729,-0.2749669749178563,0.14042071866601494,370,0.41081081081081083,-0.0710582753137787,0.8453425075581786,10
2000,2015-2025,sos_std,rain,30d,-0.13529954737077732,-0.30564516388717267,0.08252204076221716,370,0.34594594594594597,0.1301976234409533,0.7027917527967689,11
2000,2016-2025,sos_std,rain,30d,-0.0596259657612365,-0.24572828574446504,0.20077682069201416,370,0.43243243243243246,0.1436637244209928,0.692141861863758,10
2000,2015-2025,sos_std,rain,60d,-0.06204667108309998,-0.2900174053006203,0.15198162295324885,370,0.41621621621621624,-0.13506074818767194,0.6921513365478362,11
2000,2016-2025,sos_std,rain,60d,0.04250887096678099,-0.21916615313074064,0.27637531038513746,370,0.5432432432432432,-0.08552626600210105,0.8142738030760585,10
2000,2015-2025,sos_std,rain,90d,0.07336045633164766,-0.1922506590146652,0.2761479345118229,370,0.5837837837837838,0.14658275707240806,0.6671427834255672,11
2000,2016-2025,sos_std,rain,90d,0.13918010091564076,-0.1671134377554514,0.38282544530037677,370,0.6270270270270271,0.20931799110995153,0.5616567060642527,10
2000,2015-2025,sos_std,rain,DJF,0.16169075846598818,-0.16015983706200815,0.3457390341619968,370,0.6378378378378379,0.1711579614200852,0.6148317691387943,11
2000,2016-2025,sos_std,rain,DJF,0.1661392113336502,-0.18451506840258197,0.3730897016977771,370,0.6351351351351351,0.1886404997580329,0.6017223242917975,10
2000,2015-2025,sos_std,rain,MAM,0.12756751279790754,-0.1158056191524414,0.35078402366970846,370,0.6081081081081081,0.2342240397658505,0.48817229326530576,11
2000,2016-2025,sos_std,rain,MAM,0.057306400853035455,-0.19149252795783797,0.2858126468443786,370,0.581081081081081,0.15920515157550988,0.6604324278765827,10
2000,2015-2025,sos_std,wind,30d,-0.03897914748026127,-0.2755000178292577,0.23044354452374327,370,0.4648648648648649,-0.2451074332690977,0.4675727604399901,11
2000,2016-2025,sos_std,wind,30d,-0.10656074858459456,-0.33482287344997896,0.15912692037552584,370,0.41081081081081083,-0.18567471369463848,0.6075518230243897,10
2000,2015-2025,sos_std,wind,60d,0.10597666151221921,-0.2084521969852039,0.372718101328314,370,0.6,-0.10920398484992916,0.7492561467699583,11
2000,2016-2025,sos_std,wind,60d,0.07946947473717085,-0.22996432338492256,0.3768645806304319,370,0.5621621621621622,-0.2683169004622736,0.4535191131305016,10
2000,2015-2025,sos_std,wind,90d,0.11097553969471242,-0.19733752983659905,0.4075642819351362,370,0.5837837837837838,0.121647323732434,0.7216152052575279,11
2000,2016-2025,sos_std,wind,90d,0.09144780159965596,-0.18954869097150734,0.39525256960210087,370,0.5594594594594594,0.027546743369293723,0.9397872036057031,10
2000,2015-2025,sos_std,wind,DJF,0.09117963426989067,-0.157943134019186,0.31327732333122194,370,0.5891891891891892,0.17397787714165086,0.6089256314274353,11
2000,2016-2025,sos_std,wind,DJF,-0.018185655843925737,-0.2390799352052776,0.2353311642915477,370,0.4810810810810811,-0.04851756602829571,0.8941173019395641,10
2000,2015-2025,sos_std,wind,MAM,0.08840324616081564,-0.06433390326610841,0.23859340924938316,370,0.6459459459459459,0.31872380379638043,0.3394297103321681,11
2000,2016-2025,sos_std,wind,MAM,0.10203126924008356,-0.04324647383340158,0.24371864810846391,370,0.6864864864864865,0.3071322367421775,0.38801775432567914,10
2000,2015-2025,sos_std,vpd,30d,-0.18201582973034924,-0.3973692441594379,0.061576069639720774,370,0.31891891891891894,-0.06685721064487182,0.8451514269742741,11
2000,2016-2025,sos_std,vpd,30d,-0.08284147048188495,-0.3256634006931553,0.17801733605013825,370,0.41621621621621624,0.047212068156546286,0.8969534941670008,10
2000,2015-2025,sos_std,vpd,60d,0.01898939214540183,-0.19688668005858417,0.19606782705987977,370,0.527027027027027,-0.1532356350808265,0.6528381227404622,11
2000,2016-2025,sos_std,vpd,60d,0.11882239823331106,-0.13556239102791087,0.3322340240438285,370,0.6054054054054054,0.026678012397456895,0.9416833645978756,10
2000,2015-2025,sos_std,vpd,90d,0.1399455824866794,-0.04181427226557054,0.3409744168978182,370,0.7,0.09736737090243788,0.7757979157081082,11
2000,2016-2025,sos_std,vpd,90d,0.19374200512470247,0.018090006180381597,0.44778617649786023,370,0.7783783783783784,0.2567001739837029,0.47403048509595824,10
2000,2015-2025,sos_std,vpd,DJF,0.05718452010393108,-0.13224565380536096,0.30977529536361303,370,0.5891891891891892,0.0678150940251515,0.8429564658047726,11
2000,2016-2025,sos_std,vpd,DJF,0.0858487690154072,-0.1185495546268446,0.39336157962623186,370,0.6135135135135135,0.12863012675378574,0.7232311669307573,10
2000,2015-2025,sos_std,vpd,MAM,-0.17918850051449203,-0.4152569739396109,0.06938458499493558,370,0.31891891891891894,-0.24224213184526852,0.4729572624062146,11
2000,2016-2025,sos_std,vpd,MAM,-0.13026187379318876,-0.39078133108352253,0.14038679886791572,370,0.37567567567567567,-0.1785302673162464,0.6216763447637901,10
2000,2015-2025,eos_mean,temp,30d,-0.7877512566208481,-0.8288016269581452,-0.7263237687595161,369,0.0,-0.6684692761616192,0.024538595035833985,11
2000,2016-2025,eos_mean,temp,30d,-0.7775753537621233,-0.8238623489660809,-0.7110680899669304,369,0.0,-0.6676470131869345,0.03489878583423143,10
2000,2015-2025,eos_mean,temp,60d,-0.7585524916815726,-0.825585591028716,-0.680729573676648,369,0.0,-0.6987372025358088,0.016751189069779036,11
2000,2016-2025,eos_mean,temp,60d,-0.7517711181879471,-0.8251626837466045,-0.6674621882857026,369,0.0,-0.7194992976462966,0.018990346651263687,10
2000,2015-2025,eos_mean,temp,90d,-0.7194262595651095,-0.7865112912969778,-0.6192465092732111,369,0.005420054200542005,-0.6415251199461488,0.03337142585060682,11
2000,2016-2025,eos_mean,temp,90d,-0.7091178318607172,-0.7869103293239099,-0.6024839765968156,369,0.005420054200542005,-0.6514875598984774,0.04127492137863383,10
2000,2015-2025,eos_mean,temp,JJA,0.37425206948394985,0.21253900146156143,0.5198385224707077,369,0.9105691056910569,0.6170830886330061,0.043121645963842554,11
2000,2016-2025,eos_mean,temp,JJA,0.40576318797926536,0.21653356584883948,0.5669739021542448,369,0.9214092140921409,0.6154826480831889,0.05819199212953925,10
2000,2015-2025,eos_mean,temp,SON,0.5099412104030504,0.33349305712401933,0.6741113658755407,369,0.9295392953929539,0.8623765742275363,0.0006363276373460073,11
2000,2016-2025,eos_mean,temp,SON,0.5680159798212286,0.40954294530364915,0.7113971732343949,369,0.9566395663956639,0.8681240412283545,0.0011251304546976292,10
2000,2015-2025,eos_mean,rain,30d,-0.5744923449029038,-0.6988271095988878,-0.4260565117119006,369,0.005420054200542005,-0.7258201916666134,0.011449517330476798,11
2000,2016-2025,eos_mean,rain,30d,-0.5652034766607757,-0.6973762393119669,-0.4202994811812749,369,0.008130081300813009,-0.7250030234068481,0.017672471775546983,10
2000,2015-2025,eos_mean,rain,60d,-0.6200183523618937,-0.7278827826780243,-0.49674634343181345,369,0.0027100271002710027,-0.6522774556141197,0.029616829575224296,11
2000,2016-2025,eos_mean,rain,60d,-0.6610372614846204,-0.7638285801447479,-0.5194631814245428,369,0.0027100271002710027,-0.6543967952649321,0.04007346342345827,10
2000,2015-2025,eos_mean,rain,90d,-0.558401815738962,-0.6843075620100751,-0.44471642335519057,369,0.005420054200542005,-0.6065903264849113,0.04785458089455789,11
2000,2016-2025,eos_mean,rain,90d,-0.5866305144014641,-0.7250382487927528,-0.44076409527571053,369,0.013550135501355014,-0.635797281700758,0.048173223149590376,10
2000,2015-2025,eos_mean,rain,JJA,-0.314118801845766,-0.4944814898832347,-0.13662523526342554,369,0.13279132791327913,-0.36799173293715887,0.26550451115421686,11
2000,2016-2025,eos_mean,rain,JJA,-0.33999507180146865,-0.5153687386943665,-0.1533468440473082,369,0.08672086720867209,-0.3696156936876467,0.2931644888387977,10
2000,2015-2025,eos_mean,rain,SON,-0.013058551408288403,-0.1751896051280993,0.15023389022235178,369,0.48509485094850946,-0.0008482505625339785,0.9980250966794347,11
2000,2016-2025,eos_mean,rain,SON,-0.008478663880342649,-0.2106573335375838,0.17656369765592195,369,0.48509485094850946,0.019382903494950306,0.9576158246029836,10
2000,2015-2025,eos_mean,wind,30d,0.4296332464855461,0.27891615708494205,0.5469710060182292,369,0.9566395663956639,0.5168951297251624,0.10349755391700452,11
2000,2016-2025,eos_mean,wind,30d,0.4570297768148408,0.3340793989066701,0.570204942606779,369,0.9539295392953929,0.5587657885186006,0.09314937591289299,10
2000,2015-2025,eos_mean,wind,60d,0.4853953880876976,0.3501434027317323,0.606932070820215,369,0.975609756097561,0.4487816057612905,0.1661839773955413,11
2000,2016-2025,eos_mean,wind,60d,0.505207071035189,0.352250373112912,0.6167334098548752,369,0.9701897018970189,0.48410100278416124,0.15625377479130567,10
2000,2015-2025,eos_mean,wind,90d,0.16771886635113464,-0.002424900366059922,0.33133883565739836,369,0.7452574525745257,0.058782518313932657,0.863692270388506,11
2000,2016-2025,eos_mean,wind,90d,0.19796006655086523,0.011668443548786217,0.3645718958285871,369,0.7588075880758808,0.12213224240089642,0.7367852791452978,10
2000,2015-2025,eos_mean,wind,JJA,-0.14686202525646716,-0.3679989085887749,0.09332869336241618,369,0.35501355013550134,-0.1331342356448431,0.696360650421345,11
2000,2016-2025,eos_mean,wind,JJA,-0.16265051609954004,-0.34970653150687664,0.07303407171047815,369,0.34417344173441733,-0.11473304347631279,0.7522992540040961,10
2000,2015-2025,eos_mean,wind,SON,0.06406417978291291,-0.07564248933116728,0.2471338934169472,369,0.6368563685636857,0.31715347473707095,0.3419475484054366,11
2000,2016-2025,eos_mean,wind,SON,0.07887986003049034,-0.08321856860995576,0.24383109762658317,369,0.6368563685636857,0.32400518694756375,0.36107449586827145,10
2000,2015-2025,eos_mean,vpd,30d,0.48087432214273473,0.26793834675076905,0.6287472097660214,369,0.9105691056910569,0.7634924632383794,0.006248743453392343,11
2000,2016-2025,eos_mean,vpd,30d,0.5173754897511871,0.2799963026055135,0.6714107882794568,369,0.9214092140921409,0.8061896846530843,0.004849938096842633,10
2000,2015-2025,eos_mean,vpd,60d,0.5836250516808509,0.4545823235038761,0.7090574727137955,369,0.986449864498645,0.747205897548164,0.008218798976525726,11
2000,2016-2025,eos_mean,vpd,60d,0.6108256571088947,0.5011284808711435,0.7304858809302839,369,0.986449864498645,0.761422052502137,0.010505879959465406,10
2000,2015-2025,eos_mean,vpd,90d,0.5327273377568916,0.3847062604883501,0.6510321779422581,369,0.978319783197832,0.7191595432278172,0.012620674851599095,11
2000,2016-2025,eos_mean,vpd,90d,0.5574274566666654,0.43854066051379154,0.6782417614045817,369,0.9728997289972899,0.7172562374362145,0.01954644220844772,10
2000,2015-2025,eos_mean,vpd,JJA,-0.01396633278021241,-0.21280106135259988,0.18014150323297787,369,0.47696476964769646,0.03910310737044113,0.9091219958419945,11
2000,2016-2025,eos_mean,vpd,JJA,-0.047263219848033694,-0.24535723133842788,0.17795501821628942,369,0.45799457994579945,-0.014884002416075903,0.9674484566120739,10
2000,2015-2025,eos_mean,vpd,SON,0.16457728919696463,-0.018106382096698702,0.33298454769270874,369,0.7208672086720868,0.23896100666513287,0.4791573941909119,11
2000,2016-2025,eos_mean,vpd,SON,0.18239613915933217,0.03511708976872807,0.3741501708494913,369,0.7777777777777778,0.27403860659622187,0.4435660970683073,10
2000,2015-2025,eos_std,temp,30d,0.39427665376714166,0.1726276652498358,0.5583660711862763,369,0.8780487804878049,-0.03191401874290019,0.9257857028212747,11
2000,2016-2025,eos_std,temp,30d,0.4277439384487514,0.22117810777560434,0.5880059421942523,369,0.8834688346883469,0.05546915839901869,0.8790338657996116,10
2000,2015-2025,eos_std,temp,60d,0.32465090724145174,0.1251714227337682,0.5264207579393931,369,0.8699186991869918,-0.04440337054298293,0.896857104173166,11
2000,2016-2025,eos_std,temp,60d,0.3904346849444053,0.19450925502744099,0.5878093829264455,369,0.8888888888888888,0.12475889567379138,0.7312981791881684,10
2000,2015-2025,eos_std,temp,90d,0.3029389691574573,0.11787373496014865,0.5301245018539376,369,0.8590785907859079,-0.05290728830839819,0.8772221754148742,11
2000,2016-2025,eos_std,temp,90d,0.3784589827211566,0.17875114797001693,0.5911400039098048,369,0.8807588075880759,0.09308554677668922,0.7981306033278152,10
2000,2015-2025,eos_std,temp,JJA,-0.024777257805983565,-0.25012590269629426,0.1866517144298014,369,0.46612466124661245,0.05067680176722217,0.8823666165122085,11
2000,2016-2025,eos_std,temp,JJA,-0.07358994531241367,-0.3278523392539163,0.15307481601337306,369,0.4146341463414634,-0.03845275794885876,0.9160088559546088,10
2000,2015-2025,eos_std,temp,SON,0.00875198892804399,-0.1619812192553706,0.20720440826894357,369,0.5311653116531165,0.0075938873565354,0.9823210291096612,11
2000,2016-2025,eos_std,temp,SON,-0.06203598377441236,-0.26572129004728384,0.18914664230142883,369,0.43360433604336046,-0.0935848509883111,0.797066672184036,10
2000,2015-2025,eos_std,rain,30d,0.19381990641214236,0.0261578714346339,0.392987944589405,369,0.7750677506775068,0.10248845196853228,0.7642865772730211,11
2000,2016-2025,eos_std,rain,30d,0.2121255707517245,0.023560460428113366,0.40964197049640255,369,0.7831978319783198,0.13695631408688547,0.7059645583304178,10
2000,2015-2025,eos_std,rain,60d,0.2599788563314084,0.02756626737743056,0.4559742092121585,369,0.7750677506775068,0.2160517452893434,0.5234363604477468,11
2000,2016-2025,eos_std,rain,60d,0.32403506592914366,0.09508634139852425,0.5432362970986344,369,0.8184281842818428,0.3617164954159899,0.30439799795739236,10
2000,2015-2025,eos_std,rain,90d,0.3017641539428768,0.11028478731481238,0.5044098157715351,369,0.8509485094850948,0.17865647002471857,0.599172805520445,11
2000,2016-2025,eos_std,rain,90d,0.40965791853103906,0.20196915143131838,0.6114472527283316,369,0.8970189701897019,0.43989685710338483,0.20331082349508756,10
2000,2015-2025,eos_std,rain,JJA,0.01858918508311224,-0.18339812408124107,0.21666069781798555,369,0.5176151761517616,-0.028333944042669777,0.9340943924204679,11
2000,2016-2025,eos_std,rain,JJA,0.12675224657681436,-0.09808750881008502,0.3229989019345947,369,0.6612466124661247,0.1809688648077653,0.6168424577891726,10
2000,2015-2025,eos_std,rain,SON,0.17788292471345396,0.02919656201344026,0.32526521152090665,369,0.7831978319783198,0.2636199575384272,0.43347042247019785,11
2000,2016-2025,eos_std,rain,SON,0.2532876670235616,0.11265703400468156,0.4019853627440232,369,0.8455284552845529,0.41704212455260486,0.23051580195392476,10
2000,2015-2025,eos_std,wind,30d,0.01654925187200242,-0.18820418227619454,0.22193250285648428,369,0.5257452574525745,0.2650790205498518,0.4308342046631274,11
2000,2016-2025,eos_std,wind,30d,0.11578808396398957,-0.11259679277798174,0.31807922444271625,369,0.6558265582655827,0.4282138144664894,0.21697307755905548,10
2000,2015-2025,eos_std,wind,60d,-0.03765165970781871,-0.21577564935563637,0.17565423904965194,369,0.45528455284552843,0.33807972766766636,0.3092057495805109,11
2000,2016-2025,eos_std,wind,60d,0.0726205895754412,-0.1304550228619887,0.27742883093022513,369,0.5880758807588076,0.5003661348844862,0.140775640504878,10
2000,2015-2025,eos_std,wind,90d,-0.059648336653953096,-0.21262402644802167,0.10457131455870135,369,0.4146341463414634,0.09149975658390493,0.7890371671014498,11
2000,2016-2025,eos_std,wind,90d,0.04045044906365646,-0.12440635061850629,0.22211721888714597,369,0.5663956639566395,0.42055155472352046,0.22621123998967693,10
2000,2015-2025,eos_std,wind,JJA,-0.18823119563754828,-0.34665533034860563,-0.03605068962952824,369,0.2086720867208672,-0.23385224658614542,0.4888830132015772,11
2000,2016-2025,eos_std,wind,JJA,-0.10717649542475009,-0.3081871739175098,0.04065204575693167,369,0.2953929539295393,-0.1241247925105641,0.7326218315217444,10
2000,2015-2025,eos_std,wind,SON,0.1508682122218019,-0.028520580032487922,0.3595381650606115,369,0.7127371273712737,0.4194456496740649,0.19907207227141557,11
2000,2016-2025,eos_std,wind,SON,0.22441345919652453,0.026076646163175243,0.4252724442149253,369,0.7913279132791328,0.49346665593585104,0.14722148198959037,10
2000,2015-2025,eos_std,vpd,30d,-0.16180079145951665,-0.34956354130363454,0.000966368453274255,369,0.25203252032520324,-0.25155693259661066,0.45555590846581384,11
2000,2016-2025,eos_std,vpd,30d,-0.15044677076140214,-0.34813717576087577,0.020955688995687907,369,0.28184281842818426,-0.17494776858356037,0.6288013619177271,10
2000,2015-2025,eos_std,vpd,60d,-0.28115804257011684,-0.44658120453558536,-0.07787235229145839,369,0.15989159891598917,-0.3826389930101842,0.2454600835166938,11
2000,2016-2025,eos_std,vpd,60d,-0.29945939811958067,-0.4646457360863657,-0.08970770673072974,369,0.17344173441734417,-0.3775224060934142,0.28214624592058585,10
2000,2015-2025,eos_std,vpd,90d,-0.26735313831877006,-0.40114626782725565,-0.04576166535533596,369,0.20596205962059622,-0.2740633441363679,0.4147713373940491,11
2000,2016-2025,eos_std,vpd,90d,-0.2818861291892027,-0.44362282876579434,-0.047273816053610807,369,0.1978319783197832,-0.3426724605939401,0.33239676776902755,10
2000,2015-2025,eos_std,vpd,JJA,0.1509341298143792,-0.07357968224185867,0.3959213781261247,369,0.6693766937669376,0.42068392788963294,0.1976107465534288,11
2000,2016-2025,eos_std,vpd,JJA,0.05389771829012462,-0.16185922594574972,0.27994460581242475,369,0.5636856368563685,0.21956148366355316,0.5422007352474307,10
2000,2015-2025,eos_std,vpd,SON,-0.30084653100142017,-0.46513040965136576,-0.13457888599291937,369,0.10840108401084012,-0.6305271450750825,0.037544037544462255,11
2000,2016-2025,eos_std,vpd,SON,-0.27454535952542775,-0.4564716053237253,-0.10235127871013801,369,0.13821138211382114,-0.5871328982477565,0.07433587212572278,10
5000,2015-2025,sos_mean,temp,30d,0.6264941757147896,0.5275433358160336,0.7254856655173916,81,1.0,0.46812015896258763,0.14646793880038267,11
5000,2016-2025,sos_mean,temp,30d,0.6173723275598021,0.5035691349357044,0.722636995782935,81,1.0,0.4447292195384238,0.19780962218492207,10
5000,2015-2025,sos_mean,temp,60d,0.6282287965687298,0.5170004045314462,0.7366706472887881,81,1.0,0.6234847354706303,0.0403989000442764,11
5000,2016-2025,sos_mean,temp,60d,0.6363163823155996,0.5059312952317604,0.7382686867212092,81,0.9876543209876543,0.6123713180085415,0.05983847243063831,10
5000,2015-2025,sos_mean,temp,90d,0.6218888931179759,0.49797337702908967,0.7231313932132755,81,1.0,0.48915612659663127,0.1267653214032154,11
5000,2016-2025,sos_mean,temp,90d,0.6194819203256076,0.4925542026326337,0.7162332979167931,81,0.9753086419753086,0.5092797088741382,0.1327080845155692,10
5000,2015-2025,sos_mean,temp,DJF,0.4172895305144203,0.2899056945257784,0.5600196056169824,81,0.9382716049382716,0.24232923317092306,0.4727931689660777,11
5000,2016-2025,sos_mean,temp,DJF,0.44168523504889445,0.24037308213079653,0.5409857082817877,81,0.8888888888888888,0.4027362640405967,0.24853819932412627,10
5000,2015-2025,sos_mean,temp,MAM,0.11568355995677598,-0.1180414257391953,0.3791262633698251,81,0.5679012345679012,-0.016407289959904415,0.961812387177631,11
5000,2016-2025,sos_mean,temp,MAM,0.11692455604300638,-0.14598250199255491,0.38007711039570924,81,0.5679012345679012,-0.003759993451951348,0.9917751306040223,10
5000,2015-2025,sos_mean,rain,30d,0.030724720267964238,-0.14601620905963605,0.13367066199173014,81,0.5925925925925926,0.29074421597972705,0.38573870924390363,11
5000,2016-2025,sos_mean,rain,30d,-0.0038465711778390738,-0.24490845411881965,0.126001099349426,81,0.4691358024691358,0.3021830505022458,0.39610062947722985,10
5000,2015-2025,sos_mean,rain,60d,-0.019430605035447655,-0.28616742999714695,0.14949455394872582,81,0.4691358024691358,-0.03345033268340739,0.9222221986455673,11
5000,2016-2025,sos_mean,rain,60d,-0.10935189254182263,-0.35990835911542923,0.11753234805811763,81,0.4444444444444444,0.005252577617932768,0.988510303460076,10
5000,2015-2025,sos_mean,rain,90d,0.014026524407969025,-0.3256393094389027,0.21082183711500438,81,0.5185185185185185,0.1595850603500252,0.6392830100746097,11
5000,2016-2025,sos_mean,rain,90d,-0.026886731930155425,-0.39264097033826084,0.21509428920217497,81,0.4567901234567901,0.1906106678946873,0.5978609755043102,10
5000,2015-2025,sos_mean,rain,DJF,-0.24073370461195223,-0.4792890153477759,0.056180749187904756,81,0.2962962962962963,0.009476296888499118,0.9779395072985606,11
5000,2016-2025,sos_mean,rain,DJF,-0.24714634360889656,-0.49845824166977054,0.06185991194065161,81,0.2962962962962963,0.004570799396803636,0.9900015852101904,10
5000,2015-2025,sos_mean,rain,MAM,0.2098434593585369,-0.08116493846169819,0.4223232979107395,81,0.691358024691358,0.5200578461857153,0.1010362046012114,11
5000,2016-2025,sos_mean,rain,MAM,0.22072049954527295,0.007655997989212053,0.45718306990448776,81,0.7530864197530864,0.4922196345214788,0.14840531779351585,10
5000,2015-2025,sos_mean,wind,30d,0.2633305324238149,0.06516651769693807,0.43260532410911234,81,0.7901234567901234,0.43131561348817515,0.1853296711564888,11
5000,2016-2025,sos_mean,wind,30d,0.37952874630337063,0.14588340540585992,0.5922050098835877,81,0.8765432098765432,0.5191078710878548,0.12415032287278287,10
5000,2015-2025,sos_mean,wind,60d,0.08481793733822797,-0.19191272142224736,0.31262840285404775,81,0.6049382716049383,0.38248042539854527,0.24567226747665627,11
5000,2016-2025,sos_mean,wind,60d,0.11035632005308756,-0.18708868135971474,0.30179789201639895,81,0.654320987654321,0.3356878417970101,0.34298574821032424,10
5000,2015-2025,sos_mean,wind,90d,0.10578769864570255,-0.1310926334708043,0.3444303431407955,81,0.6296296296296297,0.5334983134317935,0.09100372571038422,11
5000,2016-2025,sos_mean,wind,90d,0.1947211676616167,-0.08587588053847903,0.37447690145392976,81,0.691358024691358,0.5071724867235371,0.13458893566506694,10
5000,2015-2025,sos_mean,wind,DJF,-0.08780243382099341,-0.27033625460494515,0.11241538194549622,81,0.3950617283950617,0.09956290214624404,0.7708576319228745,11
5000,2016-2025,sos_mean,wind,DJF,-0.049627618354518864,-0.27901826414876485,0.1279712582782403,81,0.3950617283950617,-0.03745165641723114,0.9181893157940728,10
5000,2015-2025,sos_mean,wind,MAM,0.22630024055085263,0.01525314272118275,0.34753654251156224,81,0.7777777777777778,0.5190417213366546,0.10182278100546294,11
5000,2016-2025,sos_mean,wind,MAM,0.22619371398132934,0.004221172089947893,0.3540972027804815,81,0.7654320987654321,0.5136097538705194,0.12889427026594982,10
5000,2015-2025,sos_mean,vpd,30d,0.059992335788001595,-0.13784502040223717,0.2247983133969967,81,0.5432098765432098,-0.3738386011303324,0.25739557985088085,11
5000,2016-2025,sos_mean,vpd,30d,-0.018842195920656488,-0.17451887625703646,0.21495681567384092,81,0.4444444444444444,-0.33131025853985174,0.34970872724964297,10
5000,2015-2025,sos_mean,vpd,60d,-0.0283986695718479,-0.2632610677201247,0.24989582473541158,81,0.4691358024691358,-0.19304754907090804,0.5695475866446102,11
5000,2016-2025,sos_mean,vpd,60d,-0.05989615032649088,-0.31153927551919575,0.23098745297404175,81,0.4567901234567901,-0.09467225856173406,0.7947506375054499,10
5000,2015-2025,sos_mean,vpd,90d,-0.17439761023668243,-0.44148501567517867,0.05760676153617244,81,0.30864197530864196,-0.2520625189898703,0.45461997768102735,11
5000,2016-2025,sos_mean,vpd,90d,-0.20655902278204902,-0.49364275090126714,0.07884730177689361,81,0.32098765432098764,-0.19345511240912225,0.592302054303875,10
5000,2015-2025,sos_mean,vpd,DJF,-0.14263000410706736,-0.3683830860927732,0.145904662927125,81,0.35802469135802467,-0.2744860664874198,0.4140228217619025,11
5000,2016-2025,sos_mean,vpd,DJF,-0.16048113873635098,-0.4036086173973642,0.12341402972057988,81,0.345679012345679,-0.2619274119810308,0.4647510246532156,10
5000,2015-2025,sos_mean,vpd,MAM,-0.229144420084017,-0.43572340587782116,0.1227249608020996,81,0.30864197530864196,-0.6097934283451015,0.0463736447352322,11
5000,2016-2025,sos_mean,vpd,MAM,-0.3005828709404807,-0.49494839152442405,0.08792268847662628,81,0.30864197530864196,-0.5924935285407839,0.07108385631740859,10
5000,2015-2025,sos_std,temp,30d,-0.37025651950976496,-0.5158953671610809,-0.1632439675089226,81,0.13580246913580246,-0.03472347845876431,0.9192700868461261,11
5000,2016-2025,sos_std,temp,30d,-0.3376251860249986,-0.5596852784082316,-0.13627814581500466,81,0.1728395061728395,-0.13785505851507013,0.7041078223720433,10
5000,2015-2025,sos_std,temp,60d,-0.27916652811309767,-0.43497653796812275,-0.05765265578296082,81,0.20987654320987653,0.13278965090381095,0.6971143621339583,11
5000,2016-2025,sos_std,temp,60d,-0.23831951198768345,-0.4293061953118449,0.03011854842262969,81,0.2716049382716049,0.0630770810822915,0.8625665637801291,10
5000,2015-2025,sos_std,temp,90d,-0.3330306859816728,-0.43919864956787436,-0.12716296740723734,81,0.14814814814814814,-0.10720444722868586,0.7537234907215343,11
5000,2016-2025,sos_std,temp,90d,-0.28662222002999704,-0.3831719598950187,-0.05869486404835996,81,0.20987654320987653,-0.13453032847307456,0.7109834114811212,10
5000,2015-2025,sos_std,temp,DJF,-0.21386268423741092,-0.33154781288150803,-0.061834605500333775,81,0.14814814814814814,-0.2615292836109236,0.43726113587734433,11
5000,2016-2025,sos_std,temp,DJF,-0.06846950787357471,-0.2208770947792,0.08412661683583313,81,0.3950617283950617,-0.09761607122089752,0.7884879917998425,10
5000,2015-2025,sos_std,temp,MAM,-0.05768747047305577,-0.27227742663291127,0.05796441805695678,81,0.3333333333333333,-0.09361021307306124,0.7842693390536533,11
5000,2016-2025,sos_std,temp,MAM,-0.07738196306990693,-0.2845000751370178,0.06627125292016556,81,0.37037037037037035,-0.08454457217925933,0.8163750089714893,10
5000,2015-2025,sos_std,rain,30d,-0.14101573786259206,-0.3024685500374443,0.10483371946598362,81,0.35802469135802467,0.15470022170279982,0.649702896783293,11
5000,2016-2025,sos_std,rain,30d,-0.07548905378948503,-0.22423629763758765,0.2399696318791376,81,0.43209876543209874,0.17195516459358653,0.6347744223585928,10
5000,2015-2025,sos_std,rain,60d,-0.07025600283883199,-0.26691082133089894,0.10219501380324718,81,0.43209876543209874,-0.09208803742809789,0.7877074952136652,11
5000,2016-2025,sos_std,rain,60d,0.03178092250035614,-0.18402075459163006,0.25936197218278123,81,0.5308641975308642,-0.035486839858044975,0.9224702214580333,10
5000,2015-2025,sos_std,rain,90d,0.12376951028677079,-0.1253435959443658,0.29149094205088255,81,0.654320987654321,0.19535742972124703,0.5648467554971299,11
5000,2016-2025,sos_std,rain,90d,0.22538108016363023,-0.09699136816264374,0.4242794633416444,81,0.7037037037037037,0.26571455066890426,0.4580788856000579,10
5000,2015-2025,sos_std,rain,DJF,0.1999800268508339,-0.05701039287163028,0.3784555725253088,81,0.7283950617283951,0.22600615913358393,0.5039875337350888,11
5000,2016-2025,sos_std,rain,DJF,0.19695905544311296,-0.0685611846277523,0.4428648821905858,81,0.7160493827160493,0.2520353989910798,0.48237931474164114,10
5000,2015-2025,sos_std,rain,MAM,0.22833143490875712,-0.09256763375891452,0.32088758076449747,81,0.6790123456790124,0.26814620055124483,0.42531748545313774,11
5000,2016-2025,sos_std,rain,MAM,0.11186051134668924,-0.13967606079465517,0.24082247592151715,81,0.6419753086419753,0.19934842471235237,0.5808455458198583,10
5000,2015-2025,sos_std,wind,30d,-0.02753228447953429,-0.2281745583109801,0.2443476354560975,81,0.48148148148148145,-0.2578741128065092,0.44392596783342114,11
5000,2016-2025,sos_std,wind,30d,-0.0755434800837488,-0.25163497952254693,0.16487598733514414,81,0.37037037037037035,-0.2007371500871489,0.5781580071647623,10
5000,2015-2025,sos_std,wind,60d,0.1327185716970003,-0.10906426896741533,0.4676864086113563,81,0.6296296296296297,-0.10185689982056814,0.7657039361285205,11
5000,2016-2025,sos_std,wind,60d,0.15499604247125398,-0.1632475347931771,0.4222386565027644,81,0.5925925925925926,-0.25921477580211155,0.46955643311756823,10
5000,2015-2025,sos_std,wind,90d,0.1204968030032495,-0.1379237329423891,0.4292600389743192,81,0.6419753086419753,0.13087186883446592,0.7013136096545979,11
5000,2016-2025,sos_std,wind,90d,0.12662836602097294,-0.13670740864590905,0.42792902291587614,81,0.6049382716049383,0.03859995666940997,0.9156882904302381,10
5000,2015-2025,sos_std,wind,DJF,0.11202361321209145,-0.19318611121213067,0.3837491420072645,81,0.5802469135802469,0.1920393418026187,0.5716041806870286,11
5000,2016-2025,sos_std,wind,DJF,0.046943125341486446,-0.32774115310938845,0.2688035919235415,81,0.5185185185185185,-0.0250246004391122,0.9452929543478518,10
5000,2015-2025,sos_std,wind,MAM,0.09980616826021924,-0.03657278407919459,0.28518621738976163,81,0.7037037037037037,0.34931075794757865,0.29236513934815817,11
5000,2016-2025,sos_std,wind,MAM,0.1398187904254659,-0.025643086931281957,0.26634045199668177,81,0.7283950617283951,0.34267792989625695,0.3323885428249832,10
5000,2015-2025,sos_std,vpd,30d,-0.242620845808296,-0.4220694696446115,-0.08289249384649051,81,0.18518518518518517,-0.08369843082504709,0.8067168267631664,11
5000,2016-2025,sos_std,vpd,30d,-0.12612766705482792,-0.32968656322990336,0.0668227047077148,81,0.30864197530864196,0.02704482306887537,0.9408827019054065,10
5000,2015-2025,sos_std,vpd,60d,-0.023089438990045306,-0.22936413031208874,0.13585482752742503,81,0.41975308641975306,-0.1922487952712148,0.571176687781765,11
5000,2016-2025,sos_std,vpd,60d,0.047460969789547856,-0.12294080244248838,0.28721584713868265,81,0.5802469135802469,-0.021814817925886673,0.9523027885561558,10
5000,2015-2025,sos_std,vpd,90d,0.09541097094328166,-0.07594362497248666,0.2565325661550872,81,0.6296296296296297,0.055234045147571076,0.8718602367385184,11
5000,2016-2025,sos_std,vpd,90d,0.1741955829170459,-0.004986482621520176,0.37447015435208886,81,0.7407407407407407,0.20618262375751525,0.5676650292815978,10
5000,2015-2025,sos_std,vpd,DJF,0.0010112140914232824,-0.15602465351407888,0.24380919441528948,81,0.5061728395061729,0.019096292570304613,0.955558741364689,11
5000,2016-2025,sos_std,vpd,DJF,0.047981305667587536,-0.13841598246188322,0.32945362738750583,81,0.5679012345679012,0.07189698276542847,0.8435358122064294,10
5000,2015-2025,sos_std,vpd,MAM,-0.2610523544977429,-0.4079987189523588,-0.01656046068474506,81,0.2345679012345679,-0.2657490048116641,0.4296262515209172,11
5000,2016-2025,sos_std,vpd,MAM,-0.22680376659225943,-0.3778002199173767,0.05857178190653052,81,0.2716049382716049,-0.20625614930558148,0.5675238513846707,10
5000,2015-2025,eos_mean,temp,30d,-0.745377108214542,-0.8013652937246706,-0.6838334128545581,81,0.0,-0.6684692761616192,0.024538595035833985,11
5000,2016-2025,eos_mean,temp,30d,-0.741387478259634,-0.7854081470437286,-0.6607682766161926,81,0.0,-0.6676470131869345,0.03489878583423143,10
5000,2015-2025,eos_mean,temp,60d,-0.7244254250239476,-0.7887691889506145,-0.6271311618479899,81,0.012345679012345678,-0.6987372025358088,0.016751189069779036,11
5000,2016-2025,eos_mean,temp,60d,-0.7167983474309736,-0.7941711917341724,-0.6455130627640786,81,0.012345679012345678,-0.7194992976462966,0.018990346651263687,10
5000,2015-2025,eos_mean,temp,90d,-0.6687701132851741,-0.7718766981746055,-0.5488345808261628,81,0.024691358024691357,-0.6415251199461488,0.03337142585060682,11
5000,2016-2025,eos_mean,temp,90d,-0.6536510342567192,-0.7635346801922113,-0.5507546418113128,81,0.024691358024691357,-0.6514875598984774,0.04127492137863383,10
5000,2015-2025,eos_mean,temp,JJA,0.39535030071475574,0.2889513834872823,0.5160404310924555,81,0.9382716049382716,0.6170830886330061,0.043121645963842554,11
5000,2016-2025,eos_mean,temp,JJA,0.39890157759122125,0.28215440518837737,0.5479981731020995,81,0.9382716049382716,0.6154826480831889,0.05819199212953925,10
5000,2015-2025,eos_mean,temp,SON,0.5294903170767638,0.3995335396269369,0.6921910421749294,81,0.9753086419753086,0.8623765742275363,0.0006363276373460073,11
5000,2016-2025,eos_mean,temp,SON,0.6207951424233771,0.4486150342931489,0.7266101761735126,81,0.9753086419753086,0.8681240412283545,0.0011251304546976292,10
5000,2015-2025,eos_mean,rain,30d,-0.6151912193624578,-0.7083338071048734,-0.4760480461677145,81,0.024691358024691357,-0.7258201916666134,0.011449517330476798,11
5000,2016-2025,eos_mean,rain,30d,-0.5891009738783871,-0.703374921596508,-0.43546093676787534,81,0.024691358024691357,-0.7250030234068481,0.017672471775546983,10
5000,2015-2025,eos_mean,rain,60d,-0.6357085420697709,-0.767507505830852,-0.536601488423295,81,0.012345679012345678,-0.6522774556141197,0.029616829575224296,11
5000,2016-2025,eos_mean,rain,60d,-0.6816103405688402,-0.7736099183083609,-0.5469262136973968,81,0.0,-0.6543967952649321,0.04007346342345827,10
5000,2015-2025,eos_mean,rain,90d,-0.5771401073797775,-0.6584877094441006,-0.4661517052620044,81,0.0,-0.6065903264849113,0.04785458089455789,11
5000,2016-2025,eos_mean,rain,90d,-0.5751243062684905,-0.742932102288643,-0.40399103948927184,81,0.012345679012345678,-0.635797281700758,0.048173223149590376,10
5000,2015-2025,eos_mean,rain,JJA,-0.3431595640994827,-0.4746791413084608,-0.2064947699195739,81,0.06172839506172839,-0.36799173293715887,0.26550451115421686,11
5000,2016-2025,eos_mean,rain,JJA,-0.3516515408013703,-0.5192559911635047,-0.21181928412442194,81,0.037037037037037035,-0.3696156936876467,0.2931644888387977,10
5000,2015-2025,eos_mean,rain,SON,-0.027754236422435068,-0.17238611065529172,0.10057356951150269,81,0.4691358024691358,-0.0008482505625339785,0.9980250966794347,11
5000,2016-2025,eos_mean,rain,SON,0.0025874053622383262,-0.1887634279281372,0.1633177733396887,81,0.5061728395061729,0.019382903494950306,0.9576158246029836,10
5000,2015-2025,eos_mean,wind,30d,0.41153482166458333,0.2302039770031769,0.49814029455287606,81,0.9753086419753086,0.5168951297251624,0.10349755391700452,11
5000,2016-2025,eos_mean,wind,30d,0.4603397582870756,0.2946563087963371,0.551296552328607,81,0.9753086419753086,0.5587657885186006,0.09314937591289299,10
5000,2015-2025,eos_mean,wind,60d,0.45199625151290734,0.33945735444490294,0.5580214969022426,81,1.0,0.4487816057612905,0.1661839773955413,11
5000,2016-2025,eos_mean,wind,60d,0.46524981381056507,0.34631570524898386,0.5771117892385496,81,1.0,0.48410100278416124,0.15625377479130567,10
5000,2015-2025,eos_mean,wind,90d,0.14004885549527946,-0.09577963868358352,0.2609715625394605,81,0.6790123456790124,0.058782518313932657,0.863692270388506,11
5000,2016-2025,eos_mean,wind,90d,0.19516451891832418,-0.06260898899636423,0.2801958139226302,81,0.7160493827160493,0.12213224240089642,0.7367852791452978,10
5000,2015-2025,eos_mean,wind,JJA,-0.19404562005254555,-0.38051430091212163,0.057357282594126875,81,0.2716049382716049,-0.1331342356448431,0.696360650421345,11
5000,2016-2025,eos_mean,wind,JJA,-0.21104319253398082,-0.3567910257520985,0.04363104691160878,81,0.2839506172839506,-0.11473304347631279,0.7522992540040961,10
5000,2015-2025,eos_mean,wind,SON,0.06084795638476164,-0.06262321849419228,0.18158843082374895,81,0.6172839506172839,0.31715347473707095,0.3419475484054366,11
5000,2016-2025,eos_mean,wind,SON,0.06371674767301869,-0.08596154108692283,0.22567545809457415,81,0.6296296296296297,0.32400518694756375,0.36107449586827145,10
5000,2015-2025,eos_mean,vpd,30d,0.544063150087324,0.32297490082428226,0.6708103854928227,81,0.9259259259259259,0.7634924632383794,0.006248743453392343,11
5000,2016-2025,eos_mean,vpd,30d,0.5522146371493087,0.33300197880891924,0.7136915808480354,81,0.9382716049382716,0.8061896846530843,0.004849938096842633,10
5000,2015-2025,eos_mean,vpd,60d,0.6490874534661498,0.5118323928124946,0.7175653811029105,81,1.0,0.747205897548164,0.008218798976525726,11
5000,2016-2025,eos_mean,vpd,60d,0.6504525803092444,0.5427289795242982,0.7430037483764285,81,1.0,0.761422052502137,0.010505879959465406,10
5000,2015-2025,eos_mean,vpd,90d,0.5854296644914533,0.41619056883959693,0.676097160393063,81,0.9506172839506173,0.7191595432278172,0.012620674851599095,11
5000,2016-2025,eos_mean,vpd,90d,0.5910929590688877,0.470079615283675,0.6972864002666659,81,0.9506172839506173,0.7172562374362145,0.01954644220844772,10
5000,2015-2025,eos_mean,vpd,JJA,-0.009427920111299776,-0.1636295943467686,0.18156099585902435,81,0.49382716049382713,0.03910310737044113,0.9091219958419945,11
5000,2016-2025,eos_mean,vpd,JJA,-0.030956425103981323,-0.23007888657278722,0.19241960533467367,81,0.41975308641975306,-0.014884002416075903,0.9674484566120739,10
5000,2015-2025,eos_mean,vpd,SON,0.1667374518963588,-0.00015061347188109707,0.31053448680474033,81,0.7407407407407407,0.23896100666513287,0.4791573941909119,11
5000,2016-2025,eos_mean,vpd,SON,0.17603579715941306,0.06542380223696338,0.35668645503806723,81,0.8148148148148148,0.27403860659622187,0.4435660970683073,10
5000,2015-2025,eos_std,temp,30d,0.37008787572545715,0.12482047757696602,0.49951689724653536,81,0.8641975308641975,-0.07312384525018517,0.830810173481305,11
5000,2016-2025,eos_std,temp,30d,0.4205312629297063,0.2197804869584014,0.5734227499496324,81,0.9259259259259259,0.00975403771503507,0.9786650724073249,10
5000,2015-2025,eos_std,temp,60d,0.3316957349348281,0.0883681581210636,0.45196215467125134,81,0.8271604938271605,-0.08323751729961044,0.807763990290127,11
5000,2016-2025,eos_std,temp,60d,0.42573237189556384,0.20022310230309956,0.5820575505982336,81,0.9012345679012346,0.08018170499834178,0.8257258260667814,10
5000,2015-2025,eos_std,temp,90d,0.2795650763338026,0.07332543893824,0.4770846809249871,81,0.8024691358024691,-0.09216024383096859,0.7875443244218133,11
5000,2016-2025,eos_std,temp,90d,0.38343953666397984,0.140417077879596,0.5235525713563075,81,0.8641975308641975,0.048530312951595496,0.894089614545417,10
5000,2015-2025,eos_std,temp,JJA,-0.013782311997382661,-0.1798170252400944,0.18455465615406158,81,0.48148148148148145,0.08849443822373215,0.7958378080021321,11
5000,2016-2025,eos_std,temp,JJA,-0.03459738127907799,-0.27914463781354326,0.15549031035066097,81,0.4444444444444444,0.0035150941728042885,0.9923108265040191,10
5000,2015-2025,eos_std,temp,SON,0.038183272489025144,-0.10543177890289882,0.16839667453621937,81,0.5925925925925926,0.06359980456410047,0.8526229900877195,11
5000,2016-2025,eos_std,temp,SON,-0.0169889779290136,-0.22583751128303572,0.13463852147307057,81,0.4691358024691358,-0.031046718012930637,0.9321507293824569,10
5000,2015-2025,eos_std,rain,30d,0.23829577190306778,0.061474421389722915,0.373859828122722,81,0.8271604938271605,0.05379755250336019,0.8751700308661815,11
5000,2016-2025,eos_std,rain,30d,0.25524067762889113,0.09066863500304502,0.4080351645344551,81,0.8024691358024691,0.08345628896595161,0.8187055890982229,10
5000,2015-2025,eos_std,rain,60d,0.3269882166950931,0.021562209424921975,0.4528639978378809,81,0.7654320987654321,0.1680620980376016,0.6213395646292833,11
5000,2016-2025,eos_std,rain,60d,0.3986698714807256,0.09830696084649435,0.5673478364923141,81,0.8518518518518519,0.3083450649259832,0.38604932252708396,10
5000,2015-2025,eos_std,rain,90d,0.3238503140622108,0.11532811173668399,0.4817711486160542,81,0.8271604938271605,0.14274840341242065,0.6754329550559954,11
5000,2016-2025,eos_std,rain,90d,0.44648107556529437,0.26188960653892557,0.6042949881828036,81,0.9135802469135802,0.39801345557925244,0.2546549408378955,10
5000,2015-2025,eos_std,rain,JJA,-0.015572034735449103,-0.1553405893734356,0.1400086948484264,81,0.49382716049382713,-0.04845822721876158,0.8874876337781508,11
5000,2016-2025,eos_std,rain,JJA,0.13753238747886248,-0.055328311704473714,0.25838657516843144,81,0.691358024691358,0.15811886482734908,0.6626337025041704,10
5000,2015-2025,eos_std,rain,SON,0.21018048450206855,0.06420566734305252,0.3640381112318759,81,0.8641975308641975,0.26681039017324154,0.4277159334772259,11
5000,2016-2025,eos_std,rain,SON,0.26614503927463234,0.15668194893674994,0.45285103632078333,81,0.9012345679012346,0.4220165802097006,0.22442790807092408,10
5000,2015-2025,eos_std,wind,30d,0.05925182926402992,-0.1258305605004911,0.28373555557230434,81,0.5925925925925926,0.304439091923963,0.3626917452816604,11
5000,2016-2025,eos_std,wind,30d,0.21283910352161658,-0.003755852263343824,0.39516640361928823,81,0.7407407407407407,0.47464592686856744,0.16570368956199244,10
5000,2015-2025,eos_std,wind,60d,0.03444835343474996,-0.15581635674398425,0.2229180690289514,81,0.5555555555555556,0.37226950476123943,0.2595577191167223,11
5000,2016-2025,eos_std,wind,60d,0.16677281339895356,-0.07323755801622293,0.34119698344678984,81,0.691358024691358,0.5407341397291512,0.10655128690838005,10
5000,2015-2025,eos_std,wind,90d,-0.0333594095230639,-0.1927284988047681,0.06930239361625393,81,0.4444444444444444,0.09872242137013854,0.7727479506880238,11
5000,2016-2025,eos_std,wind,90d,0.09970428410570803,-0.051794891945823394,0.25373600471843727,81,0.6296296296296297,0.43257542955121076,0.2118126579446691,10
5000,2015-2025,eos_std,wind,JJA,-0.23879481598422653,-0.3777323328826851,-0.0908594529818153,81,0.13580246913580246,-0.2396643830217552,0.47782520930536865,11
5000,2016-2025,eos_std,wind,JJA,-0.1553418600630088,-0.302090926222215,-0.015090561228256567,81,0.2222222222222222,-0.13008399734733234,0.7202078222844409,10
5000,2015-2025,eos_std,wind,SON,0.20135609152351708,-0.003250255305406932,0.4028123765399745,81,0.7407407407407407,0.44185077669106276,0.1736285245134378,11
5000,2016-2025,eos_std,wind,SON,0.3277104093890822,0.03871553331811517,0.49555227133801544,81,0.7901234567901234,0.5191469623711354,0.1241169878585503,10
5000,2015-2025,eos_std,vpd,30d,-0.21071062325869266,-0.33996139678461945,-0.040837179786423254,81,0.1728395061728395,-0.20657064208497508,0.5422484360536964,11
5000,2016-2025,eos_std,vpd,30d,-0.1600813688099243,-0.3369937257121914,-0.02230802246117462,81,0.20987654320987653,-0.12342380164739741,0.7340858468296853,10
5000,2015-2025,eos_std,vpd,60d,-0.3394445600658414,-0.4711192576767185,-0.10585410477351334,81,0.14814814814814814,-0.3347434599037651,0.31430749704385375,11
5000,2016-2025,eos_std,vpd,60d,-0.3435856510167854,-0.48631360385985334,-0.0926638629658052,81,0.16049382716049382,-0.32458934074498075,0.3601589107568611,10
5000,2015-2025,eos_std,vpd,90d,-0.2679843539527558,-0.4122901203680176,-0.10594761786783524,81,0.16049382716049382,-0.23409558152937024,0.48841780227717746,11
5000,2016-2025,eos_std,vpd,90d,-0.28876866579075683,-0.45427247220288025,-0.1261964424980972,81,0.14814814814814814,-0.2991077393768421,0.40116360095226083,10
5000,2015-2025,eos_std,vpd,JJA,0.18416633270123706,-0.03010980537712006,0.4110185166426935,81,0.6666666666666666,0.41636073647748295,0.20274076528430593,11
5000,2016-2025,eos_std,vpd,JJA,0.035531255211875,-0.17333687556690303,0.2797829923246779,81,0.5308641975308642,0.21126713317118118,0.5579339808423116,10
5000,2015-2025,eos_std,vpd,SON,-0.39264714396471617,-0.5238417583564102,-0.19577686590342477,81,0.04938271604938271,-0.609584948794283,0.04646906039492055,11
5000,2016-2025,eos_std,vpd,SON,-0.3517909220982493,-0.47673217085083475,-0.1799008805074181,81,0.06172839506172839,-0.5629317392246606,0.09021450307732905,10
10000,2015-2025,sos_mean,temp,30d,0.5784512065494402,0.5198288976050931,0.6496958908448776,25,1.0,0.46812015896258763,0.14646793880038267,11
10000,2016-2025,sos_mean,temp,30d,0.5810027178017794,0.4798131573428007,0.6521042678534624,25,1.0,0.4447292195384238,0.19780962218492207,10
10000,2015-2025,sos_mean,temp,60d,0.5890046566753786,0.45416231437806404,0.7399624650673442,25,1.0,0.6234847354706303,0.0403989000442764,11
10000,2016-2025,sos_mean,temp,60d,0.5842657489461306,0.44568252750872084,0.746657524978859,25,1.0,0.6123713180085415,0.05983847243063831,10
10000,2015-2025,sos_mean,temp,90d,0.6278636900617093,0.4737186712026932,0.6844760893879781,25,1.0,0.48915612659663127,0.1267653214032154,11
10000,2016-2025,sos_mean,temp,90d,0.5968984022528198,0.44523668171227865,0.7028922418009769,25,1.0,0.5092797088741382,0.1327080845155692,10
10000,2015-2025,sos_mean,temp,DJF,0.477028084016748,0.35394069093688324,0.530114985351474,25,0.92,0.24232923317092306,0.4727931689660777,11
10000,2016-2025,sos_mean,temp,DJF,0.45544924555211486,0.37473920066291805,0.5176185681253527,25,0.84,0.4027362640405967,0.24853819932412627,10
10000,2015-2025,sos_mean,temp,MAM,0.05345125732641235,-0.0776140488745956,0.42478641435487796,25,0.6,-0.016407289959904415,0.961812387177631,11
10000,2016-2025,sos_mean,temp,MAM,0.056117885189467184,-0.0854528186886533,0.43004687661365937,25,0.6,-0.003759993451951348,0.9917751306040223,10
10000,2015-2025,sos_mean,rain,30d,0.005116034731715702,-0.1176759338211809,0.11396935421501192,25,0.56,0.29074421597972705,0.38573870924390363,11
10000,2016-2025,sos_mean,rain,30d,-0.0688595687289474,-0.22035798222257136,0.07067311242815492,25,0.36,0.3021830505022458,0.39610062947722985,10
10000,2015-2025,sos_mean,rain,60d,-0.004428917689873131,-0.2517566623820466,0.10228557765294122,25,0.48,-0.03345033268340739,0.9222221986455673,11
10000,2016-2025,sos_mean,rain,60d,-0.011305656517590077,-0.3154441680275636,0.04264770752463818,25,0.44,0.005252577617932768,0.988510303460076,10
10000,2015-2025,sos_mean,rain,90d,-0.020020590902865242,-0.3404848075016615,0.1135145467234638,25,0.44,0.1595850603500252,0.6392830100746097,11
10000,2016-2025,sos_mean,rain,90d,-0.04497858084332892,-0.3525105989917177,0.15001673801637194,25,0.48,0.1906106678946873,0.5978609755043102,10
10000,2015-2025,sos_mean,rain,DJF,-0.2486828737283905,-0.46514474860741223,0.004116916465141844,25,0.28,0.009476296888499118,0.9779395072985606,11
10000,2016-2025,sos_mean,rain,DJF,-0.2627391560274542,-0.47990820597620043,0.003999748107102086,25,0.28,0.004570799396803636,0.9900015852101904,10
10000,2015-2025,sos_mean,rain,MAM,0.19823919474839252,-0.006996666902546361,0.466072293261052,25,0.72,0.5200578461857153,0.1010362046012114,11
10000,2016-2025,sos_mean,rain,MAM,0.2479180301631662,-0.0025864201172849156,0.48716502202875195,25,0.72,0.4922196345214788,0.14840531779351585,10
10000,2015-2025,sos_mean,wind,30d,0.35143579197804714,0.16012739308102097,0.5344727300692472,25,0.84,0.43131561348817515,0.1853296711564888,11
10000,2016-2025,sos_mean,wind,30d,0.4632213965767606,0.24062108547237313,0.6188790036051719,25,0.88,0.5191078710878548,0.12415032287278287,10
10000,2015-2025,sos_mean,wind,60d,0.1558186006901577,-0.21053564280709922,0.3077626178055661,25,0.56,0.38248042539854527,0.24567226747665627,11
10000,2016-2025,sos_mean,wind,60d,0.1804877865722595,-0.2113441733837203,0.38515438357469584,25,0.6,0.3356878417970101,0.34298574821032424,10
10000,2015-2025,sos_mean,wind,90d,0.10312712910532973,-0.10769627900710466,0.4059582885832715,25,0.68,0.5334983134317935,0.09100372571038422,11
10000,2016-2025,sos_mean,wind,90d,0.20575642167078742,-0.0026931724560660376,0.4212724861578541,25,0.72,0.5071724867235371,0.13458893566506694,10
10000,2015-2025,sos_mean,wind,DJF,-0.06970472114964188,-0.200197665309834,0.0813175248093323,25,0.44,0.09956290214624404,0.7708576319228745,11
10000,2016-2025,sos_mean,wind,DJF,-0.027824836829244217,-0.23671171597334667,0.07899312763816912,25,0.48,-0.03745165641723114,0.9181893157940728,10
10000,2015-2025,sos_mean,wind,MAM,0.22528182925169274,0.06135949953835973,0.4098398190022684,25,0.84,0.5190417213366546,0.10182278100546294,11
10000,2016-2025,sos_mean,wind,MAM,0.259720575739257,0.08275287775863306,0.3934556366183358,25,0.84,0.5136097538705194,0.12889427026594982,10
10000,2015-2025,sos_mean,vpd,30d,0.07162463321274612,-0.04711484661267432,0.22535456992631026,25,0.68,-0.3738386011303324,0.25739557985088085,11
10000,2016-2025,sos_mean,vpd,30d,0.06006617565179324,-0.12345334643701394,0.22143000504515287,25,0.56,-0.33131025853985174,0.34970872724964297,10
10000,2015-2025,sos_mean,vpd,60d,-0.05247003293729543,-0.2036077338974411,0.2625093379305186,25,0.48,-0.19304754907090804,0.5695475866446102,11
10000,2016-2025,sos_mean,vpd,60d,-0.1112898789219415,-0.25020222989173446,0.19224000791094434,25,0.4,-0.09467225856173406,0.7947506375054499,10
10000,2015-2025,sos_mean,vpd,90d,-0.19618508660978246,-0.4027283657474048,0.14564339580657454,25,0.32,-0.2520625189898703,0.45461997768102735,11
10000,2016-2025,sos_mean,vpd,90d,-0.32138235771973933,-0.41149821619636284,0.09966077793127424,25,0.32,-0.19345511240912225,0.592302054303875,10
10000,2015-2025,sos_mean,vpd,DJF,-0.18639887568017746,-0.3441843963819255,0.09566744416322051,25,0.36,-0.2744860664874198,0.4140228217619025,11
10000,2016-2025,sos_mean,vpd,DJF,-0.2401522920903805,-0.3696581488909036,0.127220354171028,25,0.32,-0.2619274119810308,0.4647510246532156,10
10000,2015-2025,sos_mean,vpd,MAM,-0.26008541276892455,-0.4055951743040069,0.12085356981738514,25,0.32,-0.6097934283451015,0.0463736447352322,11
10000,2016-2025,sos_mean,vpd,MAM,-0.28627978873760646,-0.451528557111773,0.10063345881033367,25,0.32,-0.5924935285407839,0.07108385631740859,10
10000,2015-2025,sos_std,temp,30d,-0.35790007202334145,-0.5136662199626285,-0.17821687522326474,25,0.08,-0.06603852230712168,0.8470282109563131,11
10000,2016-2025,sos_std,temp,30d,-0.3030779275901714,-0.5590104409084038,-0.16589562401857,25,0.08,-0.16071642771694242,0.6573738449423038,10
10000,2015-2025,sos_std,temp,60d,-0.28146846939047343,-0.3768418322961641,-0.10033414923243704,25,0.12,0.10757422385930461,0.7528968250164301,11
10000,2016-2025,sos_std,temp,60d,-0.19905950480884846,-0.3944264383187929,-0.01707546486513245,25,0.24,0.04096643409916994,0.9105361687349732,10
10000,2015-2025,sos_std,temp,90d,-0.31682529261820913,-0.4542186822946004,-0.21212561483946987,25,0.04,-0.13434808673109136,0.6937075550434144,11
10000,2016-2025,sos_std,temp,90d,-0.29893616659487593,-0.4166775719190737,-0.15167044380134875,25,0.12,-0.1601940805959982,0.6584304774832982,10
10000,2015-2025,sos_std,temp,DJF,-0.23439524309900675,-0.32631799378459764,-0.10449105497598762,25,0.16,-0.250940267459102,0.4566986704722248,11
10000,2016-2025,sos_std,temp,DJF,-0.087775585830332,-0.20685751255660592,-0.005134521721114275,25,0.24,-0.10266615057092301,0.7777700351659088,10
10000,2015-2025,sos_std,temp,MAM,-0.07506057890751934,-0.26069176851499776,0.02891475594384216,25,0.32,-0.13299368051739446,0.6966680575487497,11
10000,2016-2025,sos_std,temp,MAM,-0.06892952106248493,-0.2552991448755858,0.041191203964104924,25,0.32,-0.1285608336196431,0.7233753494504448,10
10000,2015-2025,sos_std,rain,30d,-0.04373258889604473,-0.21845822678850527,0.20085238677643671,25,0.48,0.19600384730689333,0.5635339868774645,11
10000,2016-2025,sos_std,rain,30d,0.07097151320119974,-0.10951059659159113,0.3438165768330108,25,0.52,0.21403934142512573,0.5526558368307145,10
10000,2015-2025,sos_std,rain,60d,-0.060973359005614264,-0.23012559179856523,0.12119660820285487,25,0.4,-0.08712189944315098,0.7989479568344892,11
10000,2016-2025,sos_std,rain,60d,0.0007483896576893921,-0.1407378312676455,0.29151464518143794,25,0.52,-0.03536849969271695,0.9227281170564545,10
10000,2015-2025,sos_std,rain,90d,0.19706987467029066,-0.0698290940539151,0.3623161005788548,25,0.64,0.24344143478704933,0.4707001171308172,11
10000,2016-2025,sos_std,rain,90d,0.28111524152981615,-0.03203292539802624,0.4924274383123036,25,0.72,0.3086234730799408,0.38559815096601613,10
10000,2015-2025,sos_std,rain,DJF,0.21609301223730876,-0.04769373907631676,0.3849705562834582,25,0.72,0.2732529776572722,0.41620809090407673,11
10000,2016-2025,sos_std,rain,DJF,0.20706232804985722,-0.05457357298231099,0.44115892443789745,25,0.72,0.2987072727932684,0.40182516967503495,10
10000,2015-2025,sos_std,rain,MAM,0.11500994899627034,-0.03008009781004881,0.35172858746651986,25,0.72,0.2948573034824529,0.37874116591066437,11
10000,2016-2025,sos_std,rain,MAM,0.06521883906570076,-0.10242048062437045,0.29884446014342314,25,0.68,0.23484277262645567,0.5136883737735878,10
10000,2015-2025,sos_std,wind,30d,0.033612898412828336,-0.18070413442876526,0.21478613671763097,25,0.52,-0.18619101746558547,0.5835906331158163,11
10000,2016-2025,sos_std,wind,30d,-0.030183605748453496,-0.3871154939818634,0.10036384148628784,25,0.44,-0.1224310088382075,0.736160608657144,10
10000,2015-2025,sos_std,wind,60d,0.19431277751190787,-0.07444482136901295,0.371690774658154,25,0.6,-0.07355769859461034,0.8298189607745801,11
10000,2016-2025,sos_std,wind,60d,0.14767929969159901,-0.12819431529827877,0.3777041475225815,25,0.56,-0.20648295580039183,0.5670884401711876,10
10000,2015-2025,sos_std,wind,90d,0.18613080456845438,-0.11393686661650317,0.36947696042554645,25,0.56,0.20447684684002232,0.546439788902402,11
10000,2016-2025,sos_std,wind,90d,0.176304031927594,-0.1935754557457556,0.4060212735823513,25,0.56,0.13233853290699174,0.7155263944145283,10
10000,2015-2025,sos_std,wind,DJF,0.13627351488762884,-0.21475688087603245,0.43397647330004613,25,0.6,0.21830150891857494,0.5190133364867826,11
10000,2016-2025,sos_std,wind,DJF,-0.026419722856699128,-0.2926599728276271,0.3338076992126767,25,0.48,0.03275834409017957,0.928417970597841,10
10000,2015-2025,sos_std,wind,MAM,0.10013716346164767,0.018446466939298158,0.22303580384410784,25,0.76,0.3819655321145634,0.24636198899558198,11
10000,2016-2025,sos_std,wind,MAM,0.12147490894014362,0.011988735383710598,0.27968570356593625,25,0.76,0.3754890321788028,0.28495812483463645,10
10000,2015-2025,sos_std,vpd,30d,-0.41934277027685285,-0.5367922871030208,-0.14104585510398615,25,0.08,-0.12723642360644277,0.7092944539280371,11
10000,2016-2025,sos_std,vpd,30d,-0.258988837282129,-0.4529718024463343,0.0431171304179455,25,0.32,-0.035260321277698646,0.9229638730946077,10
10000,2015-2025,sos_std,vpd,60d,-0.025939493484682552,-0.2712575649832013,0.0903963954129967,25,0.44,-0.20410973648164563,0.5471760251174599,11
10000,2016-2025,sos_std,vpd,60d,0.06924434730272766,-0.20170899930426886,0.33222892741190796,25,0.56,-0.0549646795947088,0.8801273500152125,10
10000,2015-2025,sos_std,vpd,90d,0.09114612172013713,-0.18372364576882017,0.20436005865875762,25,0.6,0.01887844713033252,0.9560652914761013,11
10000,2016-2025,sos_std,vpd,90d,0.151188889345916,-0.07260464022659319,0.3524446681509717,25,0.72,0.14542908193997284,0.688517179105504,10
10000,2015-2025,sos_std,vpd,DJF,-0.004777165821895433,-0.187908457622571,0.22282654975806396,25,0.48,-0.02787887705859801,0.935150957119301,11
10000,2016-2025,sos_std,vpd,DJF,0.028710053721185465,-0.17660199845883048,0.2979481716686384,25,0.56,0.012318137745668927,0.9730581619901423,10
10000,2015-2025,sos_std,vpd,MAM,-0.24069159049967642,-0.43295108962821727,-0.06694854453151644,25,0.16,-0.31575435837212545,0.34419910502704587,11
10000,2016-2025,sos_std,vpd,MAM,-0.21542499607170312,-0.4052481903223101,-0.07529014579704793,25,0.24,-0.26707279736032724,0.45569644562200096,10
10000,2015-2025,eos_mean,temp,30d,-0.7062929751809844,-0.7779931147027112,-0.6548669069557517,25,0.0,-0.6684692761616192,0.024538595035833985,11
10000,2016-2025,eos_mean,temp,30d,-0.726166564675192,-0.7687390491811217,-0.6499109611651138,25,0.0,-0.6676470131869345,0.03489878583423143,10
10000,2015-2025,eos_mean,temp,60d,-0.6720398510714306,-0.7202506658927141,-0.6202098884134776,25,0.0,-0.6987372025358088,0.016751189069779036,11
10000,2016-2025,eos_mean,temp,60d,-0.6907622977800814,-0.7351764953386415,-0.6107741950641513,25,0.0,-0.7194992976462966,0.018990346651263687,10
10000,2015-2025,eos_mean,temp,90d,-0.6356726932184524,-0.664382572622939,-0.5553958797220967,25,0.04,-0.6415251199461488,0.03337142585060682,11
10000,2016-2025,eos_mean,temp,90d,-0.6380686519061793,-0.6919154549389824,-0.5690415581701735,25,0.04,-0.6514875598984774,0.04127492137863383,10
10000,2015-2025,eos_mean,temp,JJA,0.4037194702864835,0.28133527267862196,0.5378625767769719,25,1.0,0.6170830886330061,0.043121645963842554,11
10000,2016-2025,eos_mean,temp,JJA,0.43174908348280777,0.2863942196977286,0.5548447581646576,25,1.0,0.6154826480831889,0.05819199212953925,10
10000,2015-2025,eos_mean,temp,SON,0.6111261596375772,0.40322030281733506,0.679224187804481,25,1.0,0.8623765742275363,0.0006363276373460073,11
10000,2016-2025,eos_mean,temp,SON,0.6507952092863858,0.47628798411120643,0.774612045962931,25,1.0,0.8681240412283545,0.0011251304546976292,10
10000,2015-2025,eos_mean,rain,30d,-0.5355574923495456,-0.6510342077749613,-0.4237885098673212,25,0.04,-0.7258201916666134,0.011449517330476798,11
10000,2016-2025,eos_mean,rain,30d,-0.5825352213957455,-0.6420391990629764,-0.41822047220167624,25,0.04,-0.7250030234068481,0.017672471775546983,10
10000,2015-2025,eos_mean,rain,60d,-0.6348512842187258,-0.7422281787651375,-0.5451923031656392,25,0.0,-0.6522774556141197,0.029616829575224296,11
10000,2016-2025,eos_mean,rain,60d,-0.6971026011042467,-0.7629704258026546,-0.5468974583665974,25,0.0,-0.6543967952649321,0.04007346342345827,10
10000,2015-2025,eos_mean,rain,90d,-0.5725142816185673,-0.6405834792128285,-0.4654864393648105,25,0.0,-0.6065903264849113,0.04785458089455789,11
10000,2016-2025,eos_mean,rain,90d,-0.585709443436175,-0.7083683057830947,-0.45068491653193327,25,0.0,-0.635797281700758,0.048173223149590376,10
10000,2015-2025,eos_mean,rain,JJA,-0.3765208534472245,-0.4571251673344854,-0.190014785435949,25,0.0,-0.36799173293715887,0.26550451115421686,11
10000,2016-2025,eos_mean,rain,JJA,-0.3833046196212011,-0.4710613598021261,-0.20418785165993877,25,0.0,-0.3696156936876467,0.2931644888387977,10
10000,2015-2025,eos_mean,rain,SON,-0.047304151158907494,-0.17383643829122647,0.09147235941892423,25,0.44,-0.0008482505625339785,0.9980250966794347,11
10000,2016-2025,eos_mean,rain,SON,-0.041022721645712544,-0.18247696775643057,0.1304841464674133,25,0.48,0.019382903494950306,0.9576158246029836,10
10000,2015-2025,eos_mean,wind,30d,0.40305262409700204,0.31720258959767605,0.46277237786467246,25,0.96,0.5168951297251624,0.10349755391700452,11
10000,2016-2025,eos_mean,wind,30d,0.4725358888585474,0.35435510854239266,0.505925435089793,25,1.0,0.5587657885186006,0.09314937591289299,10
10000,2015-2025,eos_mean,wind,60d,0.4590171585127555,0.3465018076972701,0.524717640206667,25,1.0,0.4487816057612905,0.1661839773955413,11
10000,2016-2025,eos_mean,wind,60d,0.46385662759059215,0.344371338979387,0.5565651981531201,25,1.0,0.48410100278416124,0.15625377479130567,10
10000,2015-2025,eos_mean,wind,90d,0.08594292869584887,-0.07621087202350323,0.2141686717889947,25,0.64,0.058782518313932657,0.863692270388506,11
10000,2016-2025,eos_mean,wind,90d,0.16404063820785575,-0.12590582044716014,0.24509866672953626,25,0.72,0.12213224240089642,0.7367852791452978,10
10000,2015-2025,eos_mean,wind,JJA,-0.2558642395456177,-0.3196810191729078,-0.018736065890150318,25,0.24,-0.1331342356448431,0.696360650421345,11
10000,2016-2025,eos_mean,wind,JJA,-0.24561940321026962,-0.31398621688107864,-0.010165663154761655,25,0.24,-0.11473304347631279,0.7522992540040961,10
10000,2015-2025,eos_mean,wind,SON,0.04347542573719516,-0.04183055276218687,0.18831448045995994,25,0.68,0.31715347473707095,0.3419475484054366,11
10000,2016-2025,eos_mean,wind,SON,0.04205699480067319,-0.03344201879028856,0.22147941870413146,25,0.68,0.32400518694756375,0.36107449586827145,10
10000,2015-2025,eos_mean,vpd,30d,0.5457617635263577,0.34210373393939814,0.6719753629983055,25,0.92,0.7634924632383794,0.006248743453392343,11
10000,2016-2025,eos_mean,vpd,30d,0.5830787320995773,0.37767722559798617,0.6922021244710587,25,0.96,0.8061896846530843,0.004849938096842633,10
10000,2015-2025,eos_mean,vpd,60d,0.6351269731192185,0.5543644101212027,0.6960865187646117,25,0.96,0.747205897548164,0.008218798976525726,11
10000,2016-2025,eos_mean,vpd,60d,0.6496425728339148,0.572189843326532,0.7118793248348224,25,0.96,0.761422052502137,0.010505879959465406,10
10000,2015-2025,eos_mean,vpd,90d,0.6001995434138453,0.49288525189240745,0.6507949406281813,25,0.96,0.7191595432278172,0.012620674851599095,11
10000,2016-2025,eos_mean,vpd,90d,0.604460178158596,0.5326569630103668,0.6764068905709518,25,0.96,0.7172562374362145,0.01954644220844772,10
10000,2015-2025,eos_mean,vpd,JJA,-0.0013255528126943624,-0.13800353602891194,0.13583543835842501,25,0.48,0.03910310737044113,0.9091219958419945,11
10000,2016-2025,eos_mean,vpd,JJA,-0.08766280882690193,-0.17657238379380708,0.11792286630304077,25,0.4,-0.014884002416075903,0.9674484566120739,10
10000,2015-2025,eos_mean,vpd,SON,0.1841591184186591,0.03707709363935931,0.28809925084204707,25,0.76,0.23896100666513287,0.4791573941909119,11
10000,2016-2025,eos_mean,vpd,SON,0.19680184123107392,0.10013816319656581,0.30107680676316884,25,0.8,0.27403860659622187,0.4435660970683073,10
10000,2015-2025,eos_std,temp,30d,0.34910990576461437,0.1469137420856744,0.4715067768431229,25,0.8,-0.08990522123305902,0.79264377526849,11
10000,2016-2025,eos_std,temp,30d,0.4053898249810497,0.25332913030013726,0.5303995480419981,25,0.84,-0.007580688527596107,0.9834181967715964,10
10000,2015-2025,eos_std,temp,60d,0.2537124749559472,0.039508569276575256,0.4149595641687325,25,0.8,-0.12130817924598997,0.7223647693763415,11
10000,2016-2025,eos_std,temp,60d,0.36258891892252865,0.23911955239349555,0.5460368713152742,25,0.84,0.03840361605064778,0.9161158783251038,10
10000,2015-2025,eos_std,temp,90d,0.23972407809313592,0.0018761240233678394,0.3550975037484929,25,0.76,-0.14451386460773258,0.6716118075485566,11
10000,2016-2025,eos_std,temp,90d,0.33516211929356204,0.16619033405693615,0.5191433960785429,25,0.84,-0.009759679554965678,0.9786527344067436,10
10000,2015-2025,eos_std,temp,JJA,0.07106764236611231,-0.3276690677665813,0.18216234017625932,25,0.6,0.14654043786113646,0.6672341007371717,11
10000,2016-2025,eos_std,temp,JJA,0.0088323587245273,-0.3504753065069178,0.18612955862907246,25,0.52,0.06756354745677082,0.8528775547909314,10
10000,2015-2025,eos_std,temp,SON,0.02118618836466967,-0.10073801544873279,0.17762192031573282,25,0.56,0.07895342804450962,0.817510493620771,11
10000,2016-2025,eos_std,temp,SON,-0.0369098396842616,-0.29650868261067614,0.19681229918608625,25,0.48,-0.015514136679317867,0.9660709931198123,10
10000,2015-2025,eos_std,rain,30d,0.2888475332877772,0.11329896373592979,0.4472838635537821,25,0.84,0.05350193408228287,0.8758513837920575,11
10000,2016-2025,eos_std,rain,30d,0.2989346069734371,0.1387519583996974,0.4358673916374694,25,0.84,0.08386114784601538,0.8178384254608676,10
10000,2015-2025,eos_std,rain,60d,0.3208358392392366,0.08488024392324464,0.4495495631068536,25,0.8,0.1846546099653775,0.58675544241178,11
10000,2016-2025,eos_std,rain,60d,0.45002751856640066,0.20550399665595714,0.552059984153775,25,0.84,0.33050488110755283,0.35095281069919715,10
10000,2015-2025,eos_std,rain,90d,0.34791123158194803,0.19752177544338523,0.47488678975482757,25,0.8,0.1469992887983225,0.6662441986272304,11
10000,2016-2025,eos_std,rain,90d,0.49660097159122163,0.3812539431371154,0.655868691127804,25,0.96,0.40861152703530773,0.24104439101541086,10
10000,2015-2025,eos_std,rain,JJA,-0.008044323229913452,-0.2406844921162656,0.13812601326514076,25,0.48,-0.13255645594656215,0.6976245699708234,11
10000,2016-2025,eos_std,rain,JJA,0.09910324934095527,-0.12813440354823305,0.25436508706302197,25,0.64,0.05972040580700544,0.8698265414226959,10
10000,2015-2025,eos_std,rain,SON,0.18722844380543316,0.10807066577210757,0.34764105186467215,25,0.92,0.3228687265116535,0.3328309387938431,11
10000,2016-2025,eos_std,rain,SON,0.33545265716988043,0.2561312536333837,0.45963139487899174,25,0.96,0.48976291034913544,0.1507544404036504,10
10000,2015-2025,eos_std,wind,30d,0.1111968355048155,-0.10294072834739593,0.26547219286535845,25,0.64,0.33899088987233644,0.30782028493583174,11
10000,2016-2025,eos_std,wind,30d,0.22869893528491544,0.006979223775925027,0.4713133869196419,25,0.76,0.5183185447183464,0.12482460843022887,10
10000,2015-2025,eos_std,wind,60d,0.07628959086314721,-0.04042264600100113,0.27807888962390925,25,0.64,0.4000808730105167,0.22276608099028505,11
10000,2016-2025,eos_std,wind,60d,0.18911750282900025,0.08896091196611189,0.3730346155369117,25,0.84,0.5766018814881095,0.08100224761423165,10
10000,2015-2025,eos_std,wind,90d,-0.015703789998667783,-0.05615087295821784,0.02713299704297686,25,0.4,0.10560954074332518,0.7572916835991789,11
10000,2016-2025,eos_std,wind,90d,0.13815092732581127,0.07304183853756108,0.22253622506270954,25,0.92,0.4485447385368416,0.19352797612574035,10
10000,2015-2025,eos_std,wind,JJA,-0.25606278557661055,-0.36540071666130697,-0.11653605799271993,25,0.16,-0.29126514510038815,0.3848488940624273,11
10000,2016-2025,eos_std,wind,JJA,-0.15082783287379115,-0.28412880427997445,-0.08905357590860032,25,0.12,-0.18800792891734988,0.6029640046247806,10
10000,2015-2025,eos_std,wind,SON,0.2849453473728983,0.16845049788989205,0.3860801018025292,25,0.84,0.5031509553570042,0.11464621008852359,11
10000,2016-2025,eos_std,wind,SON,0.3833602031049752,0.19997467942708289,0.49987019813227596,25,0.92,0.589756337550658,0.07273254754774275,10
10000,2015-2025,eos_std,vpd,30d,-0.29121128626662074,-0.3646824966857015,-0.07829109415166857,25,0.08,-0.20046187755524894,0.5545135795859545,11
10000,2016-2025,eos_std,vpd,30d,-0.26187851513281823,-0.3766360464828488,-0.0221303192718004,25,0.2,-0.11502151103449726,0.7516928854184387,10
10000,2015-2025,eos_std,vpd,60d,-0.37718103391556707,-0.4944498518706696,-0.20934347095449976,25,0.12,-0.34183645483581404,0.30351524800471646,11
10000,2016-2025,eos_std,vpd,60d,-0.39200504153953525,-0.47120987039546486,-0.22042581659647179,25,0.12,-0.3329256114589414,0.34722019832925805,10
10000,2015-2025,eos_std,vpd,90d,-0.3280008127414877,-0.44025482392478815,-0.177720607346676,25,0.12,-0.25084339495516683,0.45687830821346603,11
10000,2016-2025,eos_std,vpd,90d,-0.3666796243690807,-0.48035470540973063,-0.24197034294790895,25,0.16,-0.31957100319384124,0.36806232378746634,10
10000,2015-2025,eos_std,vpd,JJA,0.21551106175971343,-0.022541051150936485,0.40124598930282473,25,0.72,0.47268919265004694,0.14203510552457588,11
10000,2016-2025,eos_std,vpd,JJA,0.044824391447980005,-0.16488102589930018,0.35884853067949535,25,0.56,0.2860304006338901,0.4230345758798256,10
10000,2015-2025,eos_std,vpd,SON,-0.4368164932605927,-0.5792025346816635,-0.30938917109241,25,0.0,-0.6466080994279517,0.031557317902858595,11
10000,2016-2025,eos_std,vpd,SON,-0.40136246214556287,-0.5242533478374602,-0.26081961698618045,25,0.04,-0.6055060499133925,0.06357931692918366,10
