year,sos_median,eos_median,sos_valid,eos_valid
2015,100.74081420898438,301.5280456542969,0.9950794625505007,0.9379404873383409
2016,99.76182556152344,295.12744140625,0.99582939827981,0.9684254413365107
2017,92.84040832519531,302.67730712890625,0.9978953846317788,0.9874016125616233
2018,89.61382675170898,259.3057403564453,0.9730196302004314,0.9472554083952841
2019,99.76399993896484,301.2758483886719,0.9926911237180828,0.9799661929506042
2020,97.70806884765625,298.3218688964844,0.9957308276866148,0.9894795872289808
2021,89.23348999023438,302.326904296875,0.9958507108405008,0.9475524522099127
2022,83.9912223815918,310.76251220703125,0.9989303758603282,0.9923141578008634
2023,98.86125946044922,298.0287780761719,0.9970721869750949,0.9817138229272536
2024,102.33621978759766,309.9888916015625,0.9993473028288429,0.9945280000426251
2025,91.17526626586914,300.98004150390625,0.9966312833758031,0.9576599341175468
